Id,Name,Link,Ingredients,Allergensraw,Allergensmapped,helper column (milk),helper column (egg),helper column (peanut),helper column (tree nut),helper column (wheat),helper column (soy),helper column (fish),Allergensmapped
1,Perly,https://world.openfoodfacts.org/product/6111242100992,"milk cream, cream, sugar, banana, bacteria","banana,milk",,milk,,,,,,,milk
2,Milk,https://world.openfoodfacts.org/product/6111266962187,"pasteurized semiskimmed fresh milk,  fat content",milk,,milk,,,,,,,milk
3,Fromage blanc nature,https://world.openfoodfacts.org/product/6111246721261,"lactic cultures,rennet,salt",milk,,milk,,,,,,,milk
4,JAOUDA UHT milk,https://world.openfoodfacts.org/product/6111242101180,whole milk,milk,,milk,,,,,,,milk
5,Marmite Yeast Extract,https://world.openfoodfacts.org/product/50184453,"yeast extract, barley, wheat, oats, rye, salt, vegetable juice concentrate, thiamin, riboflavin, niacin, vitamin b, folic acid, natural flavouring, celery","celery,gluten",,,,,,wheat,,,wheat
6,PRINCE Chocolate Flavor,https://world.openfoodfacts.org/product/7622210449283,"wheat flour,whole wheat flour,sugar,vegetable oils palm, rapeseed,lowfat cocoa powder,glucose syrup,wheat starch,raising agents ammonium carbonates, sodium carbonates,emulsifier soy lecithins,salt,creamed milk powder,milk protein concentrate, flavors","eggs,gluten,milk,soybeans",,milk,egg,,,wheat,soy,,"milk, egg, wheat, soy"
7,BE NUTS Peanut Spread Andros,https://world.openfoodfacts.org/product/3608580124047/be-nuts-pate-a-tartiner-cacahuete-andros,"roasted peanuts , sugar,cocoa butter,sunflower oil,salt,vanilla extract,emulsifier sunflower lecithin",peanuts,,,,peanut,tree nut,,,,"peanut, tree nut"
8,Tonik,https://world.openfoodfacts.org/product/6111031005064/tonik-%D8%B9%D8%B1%D8%A8%D9%8A,"wheat flour,sugar,nonhydrogenated vegetable oil palm oil,milk filtrate,cocoa powder,emulsifier with low cocoa content , soy lecithin,raising agent ,artificial sweetener vanillin,salt","gluten,milk,soybeans",,milk,,,,wheat,soy,,"milk, wheat, soy"
9,Original recipe mayonnaise,https://world.openfoodfacts.org/product/6111184004129/mayonnaise-original-recipe-star,"soybean oil,water,table vinegar,egg yolks,mustard,salt,stabilizers e, e,preservatives e, e, antioxidant e","eggs, mustard, soybeans",,,egg,,,,soy,,"egg, soy"
10,Sourdough White Ciabattin,https://world.openfoodfacts.org/product/5025125000006,"wheat flour fortified with calcium carbonate, iron, niacin, thiamin, water, salt, fermented wheat flour",gluten,,,,,,wheat,,,wheat
11,Chocolate,https://world.openfoodfacts.org/product/20995553,"cocoa mass, lowfat cocoa powder, cocoa butter, sugar, emulsifier lecithin soy, vanilla extract","soybeans, milk, nuts",,milk,,,tree nut,,soy,,"milk, tree nut, soy"
12,Nutella,https://world.openfoodfacts.org/product/3017620422003,"sugar, palm oil, hazelnuts, lowfat cocoa, creamed milk powder, milk whey powder, emulsifiers soy lecithins, vanillin","milk,nuts,soybeans",,milk,,,tree nut,,soy,,"milk, tree nut, soy"
13,Almond   ,https://world.openfoodfacts.org/product/20724696,shelled almonds,nuts,,,,,tree nut,,,,tree nut
14,Cashewkerne,https://world.openfoodfacts.org/product/20267605,cashews,nuts,,,,,tree nut,,,,tree nut
15,Rye & Mixed Seed Sourdough Bread,https://world.openfoodfacts.org/product/5057967395088/rye-mixed-seed-sourdough-bread-tesco,"wheat flour wheat flour, calcium carbonate, iron, niacin, thiamin, water, wholemeal wheat flour, malted wheat flakes, rye flour, millet seed , golden linseed , sunflower seed , rapeseed oil, fermented wheat flour, salt, poppy seeds , molasses, malted wheat flour, flour treatment agent ascorbic acid, rice flour",gluten,,,,,,wheat,,,wheat
16,Henrys,https://world.openfoodfacts.org/product/3362600011044,"wheat flour, sugar, vegetable fat, inverted sugar, raising agents ammonium bicarbonate, sodium bicarbonate, salt, flavor",gluten,,,,,,wheat,,,wheat
17,Creamy Cheese Spread,https://world.openfoodfacts.org/product/6111242100305,"fresh milk, sugar, creamed milk powder, thickener starch, cream, flavor, selected lactic cultures, fat content",milk,,milk,,,,,,,milk
18,Spreadable Slightly Salted,https://world.openfoodfacts.org/product/5740900404465,"butter  milk, rapeseed oil, water, lactic culture milk, salt",milk,,milk,,,,,,,milk
19,Jamila Yogurt,https://world.openfoodfacts.org/product/6111032006619,"milk without cream, sugar, cream, milk powder without cream, milk proteins, dairy fat, natural coloring",milk,,milk,,,,,,,milk
20,HENRYS Sable coco,https://world.openfoodfacts.org/product/3362600011228,"wheat flour, sugar, vegetable fat, grated coconut, milk powder, whey powder, inverted sugar, raising agents ammonium bicarbonate, sodium bicarbonate, salt, flavors","gluten,milk",,milk,,,,wheat,,,"milk, wheat"
21,Roasted almonds without sugar,https://world.openfoodfacts.org/product/5411188112709,"water, almonds, calcium carbonate, sea salt, stabilizers guar gum, gellan, emulsifier lecithin, natural flavor, vitamins b, d, e",nuts,,,,,tree nut,,,,tree nut
22,"Nut mix (mixed nuts), unroasted",https://world.openfoodfacts.org/product/20047238,"walnut kernels, hazelnut kernels, cashew kernels, blanched almonds",nuts,,,,,tree nut,,,,tree nut
23,Oat Drink ,https://world.openfoodfacts.org/product/7394376616228,"water,  oats  , rapeseed oil, acidity regulator dipotassium phosphate, minerals calcium carbonate, potassium iodide, salt, vitamins d, riboflavin and b,",gluten,,,,,,wheat,,,wheat
24,Margarine La Prairie,https://world.openfoodfacts.org/product/6111203001467,"vegetable fat, water, sugar, salt, vegetable monoglycerides, soy lecithin, calcium, starch, potassium sorbate, antioxidant citric acid, flavor, carotene, vitamins a, b, b, b, e, d, b",soybeans,,,,,,,soy,,soy
25,Natural walnut kernels,https://world.openfoodfacts.org/product/20005733,walnut kernels,nuts,,,,,tree nut,,,,tree nut
26,Crispy biscuits with a creamy Nutella filling,https://world.openfoodfacts.org/product/8000500310427/biscuits-nutella,"hazelnut and cocoa spread sugar, palm oil, hazelnuts, creamed milk powder, lowfat cocoa, emulsifiers soy lecithins","wheat,milk,barley,soy",,milk,,,,wheat,soy,,"milk, wheat, soy"
27,Authentic crunchy crispbread,https://world.openfoodfacts.org/product/7300400481595,"whole rye flour, rye flour, yeast, salt  may contain traces of lupin, milk, mustard, sesame seeds, and soy",gluten,,,,,,wheat,,,wheat
28,Familia ,https://world.openfoodfacts.org/product/6111037000599,"margarine vegetable fats and oils, water, salt, lecithin, monoglycerides, starch, potassium sorbate, citric acid, flavor, antioxidant, coloring, vitamins",soybeans,,,,,,,soy,,soy
29,Nocciolata,https://world.openfoodfacts.org/product/8052575090230,"raw sugar, hazelnut paste ,, sunflower oil, skimmed milk powder, lowfat cocoa powder ,, cocoa butter, emulsifier soy lecithin, vanilla extract","milk,nuts,soybeans",,milk,,,tree nut,,soy,,"milk, tree nut, soy"
30,Hazelnut & Cocoa Spread,https://world.openfoodfacts.org/product/3608580065340,"sugar, hazelnuts, vegetable oils sunflower, rapeseed, creamed milk powder, lowfat cocoa powder, cocoa butter, emulsifier sunflower lecithin, vanilla extract","milk,nuts",,milk,,,tree nut,,,,"milk, tree nut"
31,KALLO Organic Vegetable Stock Cubes,https://world.openfoodfacts.org/product/5013665112273/organic-vegetable-stock-cubes-kall%C3%B8,"sea salt, potato starch, sustainable palm oil, sugar, vegetables,celery, onion, parsnip, tomato, sunflower oil, yeast extract, caramelised sugar, herbs and spices, lovage, turmeric, parsely, black pepper",celery,,,,,,,,,none
32,Mackerel fillets,https://world.openfoodfacts.org/product/6111162001218,"mackerel, vegetable oil, salt",fish,,,,,,,,fish,fish
33,Organic dark chocolate filled biscuits,https://world.openfoodfacts.org/product/3229820786100/fourres-au-chocolat-noir-bio-bjorg,"wheat flour, dark chocolate, cocoa paste, unrefined cane sugar, cocoa butter, brown unrefined cane sugar, whole wheat flour, sunflower oil, natural vanilla flavor, creamed milk powder, unrefined sea salt, raising agents ammonium carbonates, sodium carbonates, thickener acacia gum, antioxidant rosemary extract","gluten, milk",,milk,,,,wheat,,,"milk, wheat"
34,Extra dark Cocoa,https://world.openfoodfacts.org/product/20022464,"cocoa mass, sugar, cocoa butter, fat reduced cocoa powder, emulsifier lecithins soya, natural vanilla flavouring, dark chocolate contains cocoa solids  minimum,",soybeans,,,,,,,soy,,soy
35,Pure peanut butter,https://world.openfoodfacts.org/product/3760020507350,organic peanuts  may contain traces of tree nuts and sesame seeds,peanuts,,,,peanut,tree nut,,,,"peanut, tree nut"
36,Skyr nature,https://world.openfoodfacts.org/product/3329770077003,lowfat yogurt,milk,,milk,,,,,,,milk
37,Large sliced sandwich bread with rye & seeds,https://world.openfoodfacts.org/product/3760049798609,"wheat flour, water, brown flax seeds, yellow flax seeds, hulled sunflower seeds, rye flour, wheat gluten, roasted malted barley flour, yeast, barley malt extract, salt, vinegar, natural flavor containing alcohol, preservative calcium propionate, dehydrated acerola juice",gluten,,,,,,wheat,,,wheat
38,JASONS Sourdough,https://world.openfoodfacts.org/product/5025125000129,"wheat flour wheat flour, calcium carbonate, iron, niacin, thiamin, water, wholemeal spelt wheat flour, sprouted spelt wheat grains , rye flour, salt, fermented wheat flour",gluten,,,,,,wheat,,,wheat
39,FIBRES,https://world.openfoodfacts.org/product/7300400481588,"whole rye flour, wheat bran, oat flakes, sesame seeds, wheat germ, salt","gluten,sesame-seeds",,,,,,wheat,,,wheat
40,Wholegrain Krisprolls with no added sugar,https://world.openfoodfacts.org/product/7311070032611,"whole wheat flour , wheat flour, vegetable oils fully hydrogenated rapeseed oil, barley malt, yeast, salt",gluten,,,,,,wheat,,,wheat
41,Wholegrain slices with no added sugar,https://world.openfoodfacts.org/product/3029330022428,"whole wheat flour, water, wheat flour, rapeseed oil, yeast, natural flavor containing alcohol, salt, fermented corn flour, wheat gluten, powdered acerola juice  palm oilfree, suitable for a vegan diet",gluten,,,,,,wheat,,,wheat
42,Henrys,https://world.openfoodfacts.org/product/3362600011006,"wheat flour, sugar, vegetable fat, inverted sugar, raising agents ammonium bicarbonate, sodium bicarbonate, vanilla flavor",gluten,,,,,,wheat,,,wheat
43,Genoese pesto,https://world.openfoodfacts.org/product/8076809513753,"sunflower oil, fresh basil , cashew nuts, parmigiano reggiano pdo cheese , milk, maize fibre, whey powder milk, salt, milk protein, extra virgin olive oil, sugar, basil extract, natural flavourings milk, acidity regulator lactic acid, garlic","milk,nuts",,milk,,,tree nut,,,,"milk, tree nut"
44,Crunchy muesli with mixed nuts,https://world.openfoodfacts.org/product/3168930010265,"whole oats, whole wheat, glucose syrup, sunflower oil, sugar, roasted almonds, hazelnuts, oligofructose, pecans, wheat flour, rice flour, brazil nuts, honey, natural flavors, antioxidant tocopherol","gluten,nuts",,,,,tree nut,wheat,,,"tree nut, wheat"
45,Black momo,https://world.openfoodfacts.org/product/6111259341197,"wheat flour, sugar, hydrogenated vegetable oil palm, cocoa powder, acidity regulators citric acid, tartaric acid, raising agents ammonium bicarbonate, sodium bicarbonate, vegetable emulsifier soy lecithin, salt","gluten,milk,soybeans",,milk,,,,wheat,soy,,"milk, wheat, soy"
46,LIEBIG Tomato soup with meatballs ,https://world.openfoodfacts.org/product/5410056188051/tomate-avec-boulettes-liebig,"vegetables  tomato , carrot, onion, celery leek, parsnip, water, potato, dumplings , pork and beef meat, breadcrumbs contains wheat, salt, spices and herbs, concentrated butter, salt, flavour enhancer e, aroma, cayenne pepper, may contain wild egg traces","gluten, milk, pork",,milk,,,,wheat,,,"milk, wheat"
47,Tomato Ketchup,https://world.openfoodfacts.org/product/50457236,"tomatoes, spirit vinegar, sugar, salt, spice and herb extracts contain celery, spice",celery,,,,,,,,,none
48,Oat milk,https://world.openfoodfacts.org/product/5411188124689,"water, oats, soluble corn fiber, sunflower, calcium carbonate, sea salt, stabilizer gellan, vitamins b and d","gluten,haferbasis",,,,,,wheat,,,wheat
49,TUC Original Crackers,https://world.openfoodfacts.org/product/5410041001204,"wheat flour, palm oil, glucose syrup, barley malt extract, raising agents ammonium carbonates, sodium carbonates, salt, eggs, flavor, flour treatment agent sodium disulfite","eggs,gluten",,,egg,,,wheat,,,"egg, wheat"
50,Peanut cream,https://world.openfoodfacts.org/product/8480000168832/crema-de-cacahuetes-100-hacendado, peanuts arachis hypogaea,peanuts,,,,peanut,tree nut,,,,"peanut, tree nut"
51,Merendino snack cake,https://world.openfoodfacts.org/product/6111031005552,"sugar, nonhydrogenated vegetable oils palm, palm kernel, soy, eggs, flocculants glycerol, sorbitol, glucose syrup, lowfat cocoa powder, milk filtrate, vegetable starch, mono and diglycerides of fatty acids soy, sodium bicarbonate, acidity regulator citric acid, preservatives potassium sorbate, sorbic acid, fennel, xanthan gum","eggs,gluten,milk,soybeans",,milk,egg,,,wheat,soy,,"milk, egg, wheat, soy"
52,Jebli,https://world.openfoodfacts.org/product/6111206000733,"white cheese, water cream, milk proteins, salt, coagulants starch, agar, xatan gum, preservatives potassium sorbate, flavor, keep cool between  and   of the fatty substances",milk,,milk,,,,,,,milk
53,Nutella Ferrero,https://world.openfoodfacts.org/product/8000500179864/nutella-ferrero,"sugar,vegetable fat palm,hazelnuts ,skimmed milk powder ,lowfat cocoa powder ,emulsifier lecithins soy ,flavor vanillin ","hazelnuts, milk, soy",,milk,,,tree nut,,soy,,"milk, tree nut, soy"
54,Vegan Bouillon powder,https://world.openfoodfacts.org/product/50160884,"sea salt, potato starch, hydrolysed vegetable protein containing soya, vegetable oil sunflower, rapeseed, vegetables  onion, parsnip, carrot, leek, celery seed, parsley, turmeric, white pepper, garlic, mace, lovage, nutmeg","celery,milk,soybeans",,milk,,,,,soy,,"milk, soy"
55,Creamy Greek Style Natural Yogurt,https://world.openfoodfacts.org/product/4056489148739,milk,milk,,milk,,,,,,,milk
56,BE NUTS Peanut Spread  ,https://world.openfoodfacts.org/product/3608580124047,"roasted peanuts, sugar, cocoa butter, sunflower oil, salt, vanilla extract, emulsifier sunflower lecithin",peanuts,,,,peanut,tree nut,,,,"peanut, tree nut"
57,Apple & hazelnut,https://world.openfoodfacts.org/product/3175681851849,"wheat flour, rapeseed oil, fruit sugar syrup, concentrated apple juice, roasted hazelnuts, wheat germ, chicory fibers fructooligosaccharides, barley malt extract, natural apple flavor, emulsifier rapeseed lecithins, wheat starch, raising agents potassium tartrates, potassium carbonates, vitamins b, pp, e","gluten,nuts",,,,,tree nut,wheat,,,"tree nut, wheat"
58,Soft unsalted butter,https://world.openfoodfacts.org/product/3451790988677,"cream origin france, milk fat , lactic ferments,",milk,,milk,,,,,,,milk
59,Family Pack,https://world.openfoodfacts.org/product/5010029000801,"wholegrain wheat , malted barley extract, sugar, salt, niacin, iron, riboflavin b, thiamin b, folic acid",gluten,,,,,,wheat,,,wheat
60,Pasteurized Lben (buttermilk),https://world.openfoodfacts.org/product/6111242101050,"partially creamed fresh milk, lactic cultures, fat content",milk,,milk,,,,,,,milk
61,Oat flakes,https://world.openfoodfacts.org/product/20003166, wholemeal oat flakes,gluten,,,,,,wheat,,,wheat
62,Organic Vegetable Stock Cubes,https://world.openfoodfacts.org/product/5013665112273,"sea salt, potato starch, sustainable palm oil, sugar, vegetables  celery, onion, parsnip, tomato, sunflower oil, yeast extract, caramelised sugar, herbs and spices lovage, turmeric, parsely, black pepper",celery,,,,,,,,,none
63,Extra dark chocolate,https://world.openfoodfacts.org/product/20095291,"cocoa mass, sugar, cocoa butter, emulsifier soya lecithins, vanilla extract",soybeans,,,,,,,soy,,soy
64,KALLO Organic Beef Stock Cubes ,https://world.openfoodfacts.org/product/5013665112259/organic-beef-stock-cubes-8-pack-kall%C3%B8,"sea salt, potato starch, sustainable palm fat palm oil, vegetables onion, carrot, mushroom, sugar, beef natural flavour, caramelized sugar, yeast extract, beef powder, beef fat, herbs and spices, parsley, black pepper, rosemary, garlic, turmeric, bay",celery,,,,,,,,,none
65,TOFOO Naked Tofu,https://world.openfoodfacts.org/product/5034467000216,"organic tofu water, organic soya beans , nigari",soybeans,,,,,,,soy,,soy
66,MENGUYS Peanut ,https://world.openfoodfacts.org/product/3327272107969/menguy-s-peanut-100,peanuts,peanuts,,,,peanut,tree nut,,,,"peanut, tree nut"
67,Fresh milk,https://world.openfoodfacts.org/product/6111126003821,pasteurized whole milk,milk,,milk,,,,,,,milk
68,Fresh cream cheese squares,https://world.openfoodfacts.org/product/3480341000674,"skimmed milk origin france, salt, lactic ferments",milk,,milk,,,,,,,milk
69,AMORA ketchup,https://world.openfoodfacts.org/product/8710522922002/amora-ketchup-5-ingredients-flacon-souple-273g,"tomatoes g per g of ketchup, spirit vinegar, sugar, a little salt, spice extract, tomatoes from sustainable farming",vinegar,,,,,,,,,none
70,PRINGLES Original,https://world.openfoodfacts.org/product/5053990156009,"dehydrated potatoes, vegetable oils sunflower, palm, corn in variable proportions, wheat flour, corn flour, rice flour, maltodextrin, emulsifier, salt, coloring annattoorbixine",gluten,,,,,,wheat,,,wheat
71,Nutella,https://world.openfoodfacts.org/product/4008400401621,"sugar, palm oil, hazelnuts, skimmed milk powder, lowfat cocoa, emulsifier lecithin soya, vanillin","milk,nuts,soybeans",,milk,,,tree nut,,soy,,"milk, tree nut, soy"
72,Fig & Bran,https://world.openfoodfacts.org/product/3251490332080,"whole wheat flour, wheat flour, wheat bran, rapeseed oil, brown cane sugar, fig paste, natural fig flavor, natural flavor, emulsifier rapeseed lecithins, raising agents citric acid, potassium carbonates, sodium carbonates",gluten,,,,,,wheat,,,wheat
73,Brewers yeast,https://world.openfoodfacts.org/product/3175680015228,"brewers yeast, barley malt extract",gluten,,,,,,wheat,,,wheat
74,Chocolate crunch cereal,https://world.openfoodfacts.org/product/3229820160672,"whole oat flakes, whole wheat flakes, dark chocolate cocoa paste, unrefined cane sugar, cocoa butter, extruded rice, rice flour, unrefined cane sugar, wheat flour, sunflower oil, honey, stabilizer acacia gum, molasses, coconut flakes, sea salt, cinnamon, antioxidant tocopherolrich extract",gluten,,,,,,wheat,,,wheat
75,Wholegrain rye bread,https://world.openfoodfacts.org/product/20006105,"wholemeal rye, water, sourdough water, wholemeal rye, rye flour, wheat flour, wholegrain rye flour, invert sugar syrup, salt, rye flakes, yeast",gluten,,,,,,wheat,,,wheat
76,Organic sandwich bread,https://world.openfoodfacts.org/product/3760049790214,"wheat flour, water, whole wheat flour , brown cane sugar, yeast, rapeseed oil, apple cider vinegar, wheat bran, salt, wheat gluten, ascorbic acid, possible traces of soy",gluten,,,,,,wheat,,,wheat
77,KRAFTIG Bitter Extra,https://world.openfoodfacts.org/product/3046920028721,"cocoa mass, lowfat cocoa powder, cocoa butter",milk,,milk,,,,,,,milk
78,Seed Sensations,https://world.openfoodfacts.org/product/5010003064744,"wheat flour calcium, iron, niacin, thiamin, water, seed mix  toasted brown linseed, toasted sunflower seeds, pumpkin seeds, sunflower seeds, millet seeds, golden linseed, poppy seeds, yeast, wheat  protein, salt, soya flour, malted barley flour, granulated sugar, barley flour, preservative e, caramelised sugar, barley fibre, emulsifier ee, flour treatment agent ascorbic acid","gluten,soybeans",,,,,,wheat,soy,,"wheat, soy"
79,Sardines in extra virgin olive oil,https://world.openfoodfacts.org/product/3019081238643,"sardines, extra virgin olive oil, salt",fish,,,,,,,,fish,fish
80,Balanced table oil ,https://world.openfoodfacts.org/product/6111024001516,"vegetable oils soy, sunflower, rapeseed in variable proportions, natural flavor, vitamin a, vitamin d, provitamin a",soybeans,,,,,,,soy,,soy
81,Petit beurre biscuits,https://world.openfoodfacts.org/product/6111259342828,"wheat flour, sugar, butter, fine caramel pieces, creamed milk powder, hydrogenated vegetable oils palm, starch, pasteurized whole liquid eggs, creamed milk powder, inverted sugar syrup, raising agents sodium acid pyrophosphate, sodium bicarbonate, ammonium bicarbonate, salt, emulsifier soy lecithins, vanilla flavor","eggs,gluten,milk,soybeans",,milk,egg,,,wheat,soy,,"milk, egg, wheat, soy"
82,Milk rolls,https://world.openfoodfacts.org/product/3256540000698,"wheat flour, sourdough wheat flour, water, salt, sugar, fresh eggs, pastry butter, rapeseed oil, yeast, creamed milk powder or reconstituted milk cream, emulsifier mono and diglycerides of fatty acids, salt, wheat proteins, wheat gluten, carrot extract, flour treatment agent ascorbic acid, milk proteins","eggs,gluten,milk",,milk,egg,,,wheat,,,"milk, egg, wheat"
83,FLEURY MICHON Vege slices red lentils,https://world.openfoodfacts.org/product/3302740087059/les-tranches-vege-lentilles-corail-fleury-michon,"water, cooked red lentils, powdered egg white, rapeseed oil, starches, broth, water, carrots, onions, aromatic herbs, celery, spices, salt, rapeseed oil, plant extracts, natural flavors, salt, preservative vinegar, colorings, paprika extract, plain caramel, pepper.","egg, celery",,,egg,,,,,,egg
84,Milk chocolate,https://world.openfoodfacts.org/product/3045140105502,"sugar, cocoa butter, cocoa paste, creamed milk powder, milk whey powder, concentrated butter, emulsifier soy lecithin, hazelnut paste, natural flavor","milk,nuts,soybeans",,milk,,,tree nut,,soy,,"milk, tree nut, soy"
85,PHILADELPHIA cream cheese Mondelez International,https://world.openfoodfacts.org/product/7622201693916/philadelphia-mondelez-international,"full fat soft cheese, salt, stabiliser guar gum, acid citric acid made with pasteurised milk",milk,,milk,,,,,,,milk
86,Mustard,https://world.openfoodfacts.org/product/6111184001203,"water, mustard seeds, table vinegar, salt, soybean oil, stabilizers, preservatives, antioxidant",mustard,,,,,,,,,none
87,Original Bagels,https://world.openfoodfacts.org/product/5020364010113,"wheat flour with added calcium carbonate, iron, niacin, thiamin, water, sugar, yeast, vinegar, salt, rapeseed oil, preservative calcium propionate, maize, sweet potato puree, malted barley flour, flour treatment agent ascorbic acid",gluten,,,,,,wheat,,,wheat
88,Organic sliced brioche,https://world.openfoodfacts.org/product/3284230006408,"wheat flour, whole eggs, brown cane sugar, sunflower oil, sourdough water, wheat and rye flours, yeast, wheat gluten, salt, natural vanilla flavor contains alcohol, vanilla extract, inactive yeast","eggs,gluten",,,egg,,,wheat,,,"egg, wheat"
89,Growing-up milk,https://world.openfoodfacts.org/product/6111242103528,"partially creamed milk, lactose, nonhydrogenated vegetable oils rapeseed, sunflower, maltodextrins, sucrose, sunflower lecithin, vanilla flavor, vitamins a, bcomplex, c, d, e, k, pp, taurine, minerals calcium citrate, magnesium citrate, iron sulfate, copper sulfate, zinc sulfate, manganese sulfate, potassium iodide, sodium selenite",milk,,milk,,,,,,,milk
90,PHILADELPHIA cream cheese  ,https://world.openfoodfacts.org/product/7622201693916,"full fat soft cheese, salt, stabiliser guar gum, acid citric acid made with pasteurised milk",milk,,milk,,,,,,,milk
91,High Protein Chocolate Flavour Pudding,https://world.openfoodfacts.org/product/4056489216162,"skimmed milk, milk protein, cream, lowfat cocoa powder, modified starch, thickeners carrageenan, sodium carboxymethylcellulose, natural flavor, flavoring, sweeteners acesulfame k, sucralose, lactase",milk,,milk,,,,,,,milk
92,RUBIES ketchup ,https://world.openfoodfacts.org/product/5060310781346/ketchup-rubies,"fruit g per g tomatoes, surplus pearsapples, sugar, spirit vinegar, salt, preservative potassium sorbate, spies",apple,,,,,,,,,none
93,Real Mayonnaise,https://world.openfoodfacts.org/product/8722700479475,"rapeseed oil , egg , egg yolk ,, water, spirit vinegar, sugar, salt, lemon juice concentrate, flavourings, antioxidant calcium disodium edta, paprika extract, sunflower oil",eggs,,,egg,,,,,,egg
94,KING cookies choco,https://world.openfoodfacts.org/product/6111259343344,"wheat flour, chocolate chips  sugar, cocoa mass, cocoa butter, emulsifier soy lecithin, natural vanilla flavour, sugar, glucosefructose syrup, whey powder milk, vegetable oils palm, sunflower, cocoa powder, raising agents sodium bicarbonate, ammonium bicarbonate, salt, flavour vanilla",milk,,milk,,,,,,,milk
95,Vegetable Fat Spread with Olive Oil,https://world.openfoodfacts.org/product/8719200237902,"vegetable oils rapeseed, palm, olive , water, salt , buttermilk milk, emulsifiers mono   diglycerides of fatty acids, lecithin, natural flavourings, vitamins a  d",milk,,milk,,,,,,,milk
96,Pesto Rosso,https://world.openfoodfacts.org/product/8076809523547,"tomato pulp , sunflower oil, tomato concentrate , grana padano pdo cheese milk, lysozyme from egg, cashews, sugar, salt, basil, balsamic vinegar of modena wine vinegar, cooked grape must , whey powder milk, pecorino romano pdo cheese sheeps milk, rice starch, garlic, acidity regulator lactic acid, natural flavouring milk","eggs,milk,nuts",,milk,egg,,tree nut,,,,"milk, egg, tree nut"
97,LIDL Organic Dark Chocolate,https://world.openfoodfacts.org/product/40896243,"cocoa paste, cane sugar, cocoa butter, emulsifier soy lecithins",soybeans,,,,,,,soy,,soy
98,Fruit & Nut Mix,https://world.openfoodfacts.org/product/20815394," walnuts,  whole almonds,  sultanas sultanas, sunflower oil,  dried sweetened cranberries cranberries, sugar, sunflower oil",nuts,,,,,tree nut,,,,tree nut
99,Plain fresh cream cheese squares,https://world.openfoodfacts.org/product/3480341000636,"milk, cream, salt, lactic cultures",milk,,milk,,,,,,,milk
100,Mayonnaise,https://world.openfoodfacts.org/product/8718114724485,"rapeseed oil , egg , egg yolk ,, water, spirit vinegar, sugar, salt, lemon juice concentrate, flavourings, antioxidant calcium disodium edta, paprika extract, sunflower oil,",eggs,,,egg,,,,,,egg
101,Peripella,https://world.openfoodfacts.org/product/6111250474405,"sugar, vegetable oil and fat, milk whey powder, cocoa powder, hazelnut paste, emulsifiers soy lecithin, flavors, antioxidants","milk,nuts,soybeans",,milk,,,tree nut,,soy,,"milk, tree nut, soy"
102,Smooth yogurt,https://world.openfoodfacts.org/product/6111242102767,"fresh milk, cream, sugar, creamed milk powder, lactic cultures, flavor, vitamins a and d",milk,,milk,,,,,,,milk
103,Soy vanilla yogurt,https://world.openfoodfacts.org/product/5411188103387,"soy juice, sugar, stabilizer pectins, acidity regulators citric acid, sodium citrates, calcium, carrot concentrate, table sea salt, flavors, natural vanilla flavor, powdered vanilla, antioxidants tocopherolrich extract, ascorbic acid esters, vitamins b, b, d, yogurt cultures s thermophilus, l bulgaricus",soybeans,,,,,,,soy,,soy
104,Organic peanut butter,https://world.openfoodfacts.org/product/3760091727732,peanut,"nuts,peanuts",,,,peanut,tree nut,,,,"peanut, tree nut"
105,WEETABIX whole wheat cereal,https://world.openfoodfacts.org/product/5010029000023,"whole wheat, malted barley extract, sugar, salt, niacin, iron, vitamins b",gluten,,,,,,wheat,,,wheat
106,Almond Drink,https://world.openfoodfacts.org/product/4056489346357,"water, almonds, maltodextrins, sea salt, stabilizers carob seed flour, gellanic gum, emulsifier sunflower lecithin, natural aroma, from organic farming","gluten,nuts",,,,,tree nut,wheat,,,"tree nut, wheat"
107,BROOKLEA Authentic Greek Yogurt,https://world.openfoodfacts.org/product/4088600060941/authentic-greek-yogurt-brooklea,milk,milk,,milk,,,,,,,milk
108,Wheat Bisks,https://world.openfoodfacts.org/product/4088600247519,"whole wheat , barley malt extract, sugar, salt, niacin, iron, riboflavin, thiamin, folic acid,",gluten,,,,,,wheat,,,wheat
109,Excellence dark chocolate,https://world.openfoodfacts.org/product/3046920029780,"cocoa paste, sugar, cocoa butter, emulsifier soy lecithin, vanilla",soybeans,,,,,,,soy,,soy
110,Sliced brioche loaf (gache),https://world.openfoodfacts.org/product/3587220002252,"wheat flour, sugar, fresh butter, whole fresh eggs, water, fresh cream, salt, natural flavors contains alcohol, yeast, wheat gluten, brandy, milk proteins, inactive yeast, coloring betacarotene","eggs,gluten,milk",,milk,egg,,,wheat,,,"milk, egg, wheat"
111,ST HUBERT organic plant-based spread,https://world.openfoodfacts.org/product/3366321052386,"vegetable oils shea, higholeic sunflower, coconut, rapeseed, water, emulsifier soy lecithin, salt, natural carrot flavor, lemon juice, stabilizer pectin","nuts,soybeans",,,,,tree nut,,soy,,"tree nut, soy"
112,Sour Cream & Onion,https://world.openfoodfacts.org/product/5053990101597,"dehydrated potatoes, vegetable oils conflower, corn, rice flour, wheat starch, corn flour, sour cream  onion flavour, wheat starch, flavour enhancers monosodium glutamate, disodium guanylate, disodium inosinate, onion powder, maltodextrin, salt, dextrose, sunflower oil, sugar, sweet whey powder milk, potato starch, modified maize starch, acids citric acid, lactic acid, malic acid, sour cream powder milk*, natural and nature identical flavourings onion powder and sour cream yeast extract, glucose syrup, four, emulsifier e colour annatto milk","gluten,milk",,milk,,,,wheat,,,"milk, wheat"
113,SOL & MAR Vanilla flan,https://world.openfoodfacts.org/product/20020545/flan-vainilla-sol-mar,"pork eu origin, salt, lactose, dextrose, sugar, pepper, garlic, antioxidantpreservative sodium erythorbate, potassium nitrate, milk cultures","milk,pork",,milk,,,,,,,milk
114,NESQUIK Cocoa,https://world.openfoodfacts.org/product/7613039490266,"sugar, natural defatted cocoa powder , emulsifier soy lecithin, salt, vitamins c, d, natural aroma, cinnamon,",soybeans,,,,,,,soy,,soy
115,MAGGI Arome,https://world.openfoodfacts.org/product/3033710084913/arome-maggi-nestle,"flavors wheat protein water  salt  flavor enhancers  monosodium glutamate, inosinate disodium  sugar",gluten,,,,,,wheat,,,wheat
116,MENGUYS Peanut,https://world.openfoodfacts.org/product/3327272107969,peanuts,peanuts,,,,peanut,tree nut,,,,"peanut, tree nut"
117,TARTINES campagne,https://world.openfoodfacts.org/product/3760049791006,"wheat flour, water, rapeseed oil, wheat gluten, yeast, durum wheat semolina, devitalized wheat sourdough, salt, natural flavor contains alcohol, preservative calcium propionate, rye flour, roasted malted barley flour, inactive yeast, roasted malted wheat flour, antioxidant ascorbic acid",gluten,,,,,,wheat,,,wheat
118,LIDL FERRERO Nutella Hazelnut Cocoa Spread,https://world.openfoodfacts.org/product/4008400404127,"sugar, palm oil, hazelnuts, skimmed milk powder, lowfat cocoa, emulsifier soy lecithin, vanillin","milk,nuts,soybeans,tree nuts",,milk,,,tree nut,,soy,,"milk, tree nut, soy"
119,Dark Chococale,https://world.openfoodfacts.org/product/8410510012196,"cocoa paste, defatted cocoa powder, cocoa butter, sugar, milk powder, almond and hazelnut paste, emulsifiers soy, sunflower, flavor","milk,nuts,soybeans",,milk,,,tree nut,,soy,,"milk, tree nut, soy"
120,Whole-wheat sandwich bread,https://world.openfoodfacts.org/product/4056489007180,"whole wheat flour, water, wheat flour, rapeseed oil, sugar, yeast, salt, fava bean flour, acidity regulator sodium acetates, natural flavor, alcohol",gluten,,,,,,wheat,,,wheat
121,Biscoff spread,https://world.openfoodfacts.org/product/5410126006957,"wheat flour, sugar, vegetable oils palm oil, rapeseed oil, golden syrup, baking powder sodium acid carbonate, soy flour, salt, cinnamon, rapeseed oil, sugar, emulsifier soy lecithin, acidifier citric acid","gluten,soybeans",,,,,,wheat,soy,,"wheat, soy"
122,Organic original granola,https://world.openfoodfacts.org/product/3770007543493/granola-bio-l-original-essentiels,"oat flakes, honey, rapeseed oil, almonds, sunflower seeds, sesame seeds, pumpkin seeds, sea salt, ground cinnamon",nuts,,,,,tree nut,,,,tree nut
123,Whole-grain crispbread,https://world.openfoodfacts.org/product/3041090063206,"cereals whole wheat flour, rye flour, wheat flour, rice flour, malted wheat flour, buckwheat flour, barley flour, wheat semolina, sugar, milk whey powder, salt, palm oil, wheat germs","gluten,milk",,milk,,,,wheat,,,"milk, wheat"
124,Kinder Bueno,https://world.openfoodfacts.org/product/80052760,"milk chocolate  sugar, cocoa butter, cocoa mass, skimmed milk powder, concentrated potter, emulsifier lecithins soya, vanillin, sugar, palm oil, wheat flour, hazelnuts , skimmed milk powder, milk powder, chocolate sugar, cocoa mass, cocoa butter, emulsifier lecithins soya, vanillin, fatreduced cocoa, emulsifier lecithins soya, raising agent sodium bicarbonate, salt, vanillin","gluten,milk,nuts,soybeans",,milk,,,tree nut,wheat,soy,,"milk, tree nut, wheat, soy"
125,Special Muesli ,https://world.openfoodfacts.org/product/5010477348678,"whole cereals oat flakes, wheat flakes, toasted wheat flakes, dried fruits raisins, sultanas, chopped dried apricots, dried apple slices, toasted coconut pieces, chopped toasted hazelnuts, sliced almonds, barley flakes, sunflower seeds","gluten,nuts,oats",,,,,tree nut,wheat,,,"tree nut, wheat"
126,Skyr ,https://world.openfoodfacts.org/product/4016241030573,skimmed  milk,milk,,milk,,,,,,,milk
127,PRINGLES Original,https://world.openfoodfacts.org/product/5053990101573,"dehydrated potatoes, vegetable oils sunflower, wheat flour, rice flour, corn flour, emulsifier, maltodextrin, salt, coloring annattonorbixin","gluten,soybeans",,,,,,wheat,soy,,"wheat, soy"
128,Wasa crispbread,https://world.openfoodfacts.org/product/7300400481571,"whole rye flour, salt",gluten,,,,,,wheat,,,wheat
129,Yogurt Greek Style,https://world.openfoodfacts.org/product/20047559,"cream, skimmed milk retentate, microbial cultures,",milk,,milk,,,,,,,milk
130,HENRYS Sable Coco Biscuit,https://world.openfoodfacts.org/product/3362600001106,"wheat flour, sugar, inverted sugar, coconut, milk powder, whey, salt, raising agents ammonium bicarbonate, sodium bicarbonate, coconut flavor, vegetable fat","gluten,milk",,milk,,,,wheat,,,"milk, wheat"
131,Crispbread,https://world.openfoodfacts.org/product/3041090063114,"cereals wheat flour, rye flour, skimmed milk powder, sugar, salt, palm oil, ferric pyrophosphate iron mineral","gluten,milk",,milk,,,,wheat,,,"milk, wheat"
132,Biscuit raisins,https://world.openfoodfacts.org/product/3175681851856,"wheat flour, rapeseed oil, unrefined sugar, raisin paste, wheat germ, wheat starch, raisins, wheat fibers, magnesium, emulsifier lecithins, raising agents potassium tartrates, sodium carbonates, natural flavor, vitamins b, b, b, d, e",gluten,,,,,,wheat,,,wheat
133,NESQUIK Cocoa,https://world.openfoodfacts.org/product/7613287431943,"sugar, fat reduced cocoa powder, emulsifier from plant origin soya lecithin, salt, vitamins c, d, natural vanilla flavor, cinnamon",soybeans,,,,,,,soy,,soy
134,Chocolate oat cereal bar,https://world.openfoodfacts.org/product/3229820794525,"oat flakes*, wheat flour*, rapeseed oil*, brown cane sugar*, dark chocolate chips* cane sugar*, cocoa paste*, cocoa butter*, puffed rice balls rice flour*, salt, acacia fibers*, raising agents ammonium carbonates, sodium carbonates, cocoa extract*, lowfat cocoa powder*, powdered egg yolk*, sea salt, antioxidant rosemary extract*","eggs,gluten",,,egg,,,wheat,,,"egg, wheat"
135,BN Chocolate,https://world.openfoodfacts.org/product/3061990143365,"wheat flour, whole grains, whole wheat flour, whole rye flour, whole barley flour, sugar, vegetable fats palm, palm kernel, rapeseed, lowfat cocoa, wheat starches, glucose syrup, raising agents ammonium carbonates, sodium carbonates, salt, skimmed milk powder, whey permeate powder milk, emulsifier sunflower lecithins, flavours","gluten,milk",,milk,,,,wheat,,,"milk, wheat"
136,MCVITIES Digestives,https://world.openfoodfacts.org/product/5000168036755,"flour  wheat flour, calcium, iron, niacin, thiamin, vegetable oil palm, wholemeal wheat flour , sugar, partially inverted sugar syrup, raising agents sodium bicarbonate, malic acid, ammonium bicarbonate, salt for allergens, including cereals containing gluten, see ingredients in bold may also contain milk by appointment to her majesty the queen biscuit manufacturers united biscuits uio limited, london for suitable fegetarian v suitable for vegans a",gluten,,,,,,wheat,,,wheat
137,ALPRO Almond Drink,https://world.openfoodfacts.org/product/5411188110835,"water, almonds, sugar, calcium tricalcium phosphate, sea salt, stabilizers locust bean gum, gellan, emulsifier lecithin, natural flavor, vitamins b, b, e, d",nuts,,,,,tree nut,,,,tree nut
138,HARRYS Hand-braided brioche without additives ,https://world.openfoodfacts.org/product/3228857001231,"wheat flour, water, fresh eggs, sugar, rapeseed oil, pearl sugar, sugar, vegetable fat shea, flavorings, wheat gluten, flavors including orange blossom contains alcohol, plant extracts, coloring turmeric, paprika, yeast, wheat fiber, salt, malted barley flour, acerola extract","eggs,gluten",,,egg,,,wheat,,,"egg, wheat"
139,MAILLE Dijon mustard,https://world.openfoodfacts.org/product/8720182556738,"water, mustard seeds, spirit vinegar, salt, acidifier citric acid, preservative potassium disulphite",mustard,,,,,,,,,none
140,Crunchy Peanut Butter,https://world.openfoodfacts.org/product/5013665108801,"roasted peanuts , sustainable palm oil, sea salt",peanuts,,,,peanut,tree nut,,,,"peanut, tree nut"
141,Peanut & chocolate protein,https://world.openfoodfacts.org/product/8410076610737,"roasted peanuts, soy protein, oligofructose, glucose syrup, vegetable oils and fats palm, shea, sunflower, rapeseed, sugar, chocolate pieces sugar, cocoa paste, cocoa butter, soy lecithins, maltodextrin, peanut butter, lowfat cocoa powder, tapioca starch, fructose, milk lactose, humectant glycerol, emulsifiers soy lecithins, table salt, natural milk flavor, stabilizer calcium carbonate","milk,peanuts,soybeans",,milk,,peanut,tree nut,,soy,,"milk, peanut, tree nut, soy"
142,Brazil Nuts,https://world.openfoodfacts.org/product/20202392,whole brazil nuts,nuts,,,,,tree nut,,,,tree nut
143,PAYSAN BRETON Whipped Cheese Madame Loik Natural with Guerande Salt,https://world.openfoodfacts.org/product/3412290070101,"fromage frais, sel de gurande ,",milk,,milk,,,,,,,milk
144,MENGUYS creamy peanut butter,https://world.openfoodfacts.org/product/3327272107259,"peanuts, salted vegetable butter, cocoa, sugar, salt","milk,peanuts",,milk,,peanut,tree nut,,,,"milk, peanut, tree nut"
145,SNICKERS,https://world.openfoodfacts.org/product/5000159461122,"milk chocolate sugar, cocoa butter, chocolate, skim milk, lactose, milkfat, soy lecithin, peanuts, corn syrup, sugar, palm oil, skim milk, lactose, salt, egg whites, artificial flavor","eggs,milk,peanuts,soybeans",,milk,egg,peanut,tree nut,,soy,,"milk, egg, peanut, tree nut, soy"
146,Wholemeal bread,https://world.openfoodfacts.org/product/3228857000166,"whole wheat flour, water, wheat flour, rapeseed oil, sugar, flavor contains alcohol, salt, vinegar, malted rye flour, yeast, wheat gluten, acerola extract",gluten,,,,,,wheat,,,wheat
147,REGENT'S PARK Crumpets nature ,https://world.openfoodfacts.org/product/3513851557823/crumpets-nature-regent-s-park,"wheat flour  wheat flour, calcium carbonate, iron, niacin, thiamine,water,vinegar,raising agents e and sodium carbonates,sugar,yeast,salt,preservatives potassium sorbate and calcium propionate,wheat starch",gluten,,,,,,wheat,,,wheat
148,Fig-filled biscuits,https://world.openfoodfacts.org/product/7622201133337,"wheat flour, fig paste, sugar, palm oil, glucosefructose syrup, glucose syrup, partially inverted sugar syrup, salt, raising agents sodium carbonates, ammonium carbonates, acidity regulator citric acid",gluten,,,,,,wheat,,,wheat
149,Nutritional Yeast Flakes,https://world.openfoodfacts.org/product/5016084000374,"dried inactive yeast , thiamine b, riboflavin b, niacin b, pantothenic acid b, pyridoxine b, biotin b, folic acid b cyanocobalamin b, zinc sulfate","celery,milk,mustard,soybeans",,milk,,,,,soy,,"milk, soy"
150,Soy sauce,https://world.openfoodfacts.org/product/8715035110106,"water,  soybeans ,  wheat , salt,","gluten,soybeans",,,,,,wheat,soy,,"wheat, soy"
151,AICHA Double tomato paste ,https://world.openfoodfacts.org/product/6111021026000/double-concentre-de-tomates-aicha,"tomatoes,salt",,,,,,,,,,none
152,SIDI ALI Mineral Water,https://world.openfoodfacts.org/product/6111035002175,"sodium, calcium, magnsium, potassium, bicarbonates, sulfates, chlorures,",,,,,,,,,,none
153,BRAMWELLS Baked Beans in a Rich Tomato Sauce,https://world.openfoodfacts.org/product/4088600072517/baked-beans-in-a-rich-tomato-sauce-bramwells,"haricot beans , tomato , water, sugar, modified maize starch, salt, onion powder, ground paprika, flavourings, paprika extract",,,,,,,,,,none
154,PURELY ELIZABETH Organic Original Ancient Grain Granola,https://world.openfoodfacts.org/product/0855140002663/original-ancient-grain-granola-purely-elizabeth,"organic glutenfree oats, organic coconut palm sugar, organic raw virgin coconut oil, organic sunflower seeds, organic puffed amaranth, organic millet flakes, organic quinoa flakes, organic chia seeds, organic cinnamon, salt",,,,,,,,,,none
155,AZURA Elongated cherry tomatoes,https://world.openfoodfacts.org/product/3504182960123/tomates-cerises-allongees-azura,elongated cherry tomatoes,,,,,,,,,,none
156,MAIZENA cornstarch,https://world.openfoodfacts.org/product/8712100338694/cornstarch-maizena,cornstarch,,,,,,,,,,none
157,NESTLE Perrier,https://world.openfoodfacts.org/product/7613035833272/perrier-nestle,mineral water natural enhanced gas,,,,,,,,,,none
158,SUNNY BIO organic agave syrup,https://world.openfoodfacts.org/product/3088542506508/sirop-d-agave-biologique-doseur-500g-sunny-bio, organic agave syrup,,,,,,,,,,none
159,LILIATable margarine,https://world.openfoodfacts.org/product/6111099003897/margarine-de-table-lilia,"filtered vegetable oils nonhydrogenated, starch, soy lecithin, citric acid, antioxidants tocopherols, cocoachocolate mixture",,,,,,,,,,none
160,Orange juice Coca cola,https://world.openfoodfacts.org/product/5449000147417/orange-juice-coca-cola,"water, orange juice and pulp, sugar, acidifiers, thickener, emulsifiers, natural and identicaltonatural flavors, sweeteners, coloring",,,,,,,,,,none
161,Excellence dark chocolate,https://world.openfoodfacts.org/product/3046920029759,"cocoa paste, cocoa butter, lowfat cocoa, sugar, vanilla",,,,,,,,,,none
162,OULMES natural carbonated water,https://world.openfoodfacts.org/product/6111035003035,natural carbonated water ,,,,,,,,,,none
163,APERITIVOS COMPANY Trios ,https://world.openfoodfacts.org/product/6111252860077/trios-aperitivos-company,"corn, vegetable oil,fat, flavorings, salt, and coloring",,,,,,,,,,none
164,Baking powder,https://world.openfoodfacts.org/product/6111180000231,"sodium bicarbonate, corn starch, sodium pyrophosphate",,,,,,,,,,none
165,DANONE Danino yogurt,https://world.openfoodfacts.org/product/6111032008453/danino-danone,"milk without cream, cream, sugar, fruit extracts, calcium citrate, potassium chloride, milk yeast, natural colors red carmine beta carotene, vitamin d",,,,,,,,,,none
166,GERBLE Sesame Cookie,https://world.openfoodfacts.org/product/3175680011480,"wheat flour, brown cane sugar, rapeseed oil, toasted sesame, wheat germ, whole wheat flour, natural flavor, magnesium, emulsifier lecithins, raising agents potassium tartrates, sodium carbonates, ammonium carbonates, sea salt, wheat starch, vitamins e, pp, b",,,,,,,,,,none
167,Strawberry jam,https://world.openfoodfacts.org/product/6111162000839,"strawberries, sugar",,,,,,,,,,none
168,EKIBIO Crispy buckwheat toast,https://world.openfoodfacts.org/product/06175700/tartines-craquantes-au-sarrasin-imp-ekibio,"corn flour*, rice flour*, sea salt*",,,,,,,,,,none
169,Plain yogurt,https://world.openfoodfacts.org/product/6111242100206,"whole fresh milk, creamed milk powder, starch, selected lactic cultures",,,,,,,,,,none
170,AIN ATLAS mineral water,https://world.openfoodfacts.org/product/6111035001635,sodium  calcium  magnsium  potassium  bicarbonates  chlorures  sulfates nitrates ,,,,,,,,,,none
171,Coca Cola,https://world.openfoodfacts.org/product/54491472,"water, fructoseglucose syrup, carbon dioxide, colorant ed, acid phosphoric acid, natural flavors, caffeine flavoring,",,,,,,,,,,none
172,CRISTALINE spring water,https://world.openfoodfacts.org/product/3268840001008,spring water,,,,,,,,,,none
173,The Great White Jason's Sourdough ,https://world.openfoodfacts.org/product/5025125000112,"wheat flour wheat flour, calcium carbonate, iron, niacin, thiamin, water, rye flour, salt, fermented wheat",,,,,,,,,,none
174,Sliced White Sourdough Bread with Grains & Seeds,https://world.openfoodfacts.org/product/5025125000037,"wheat flour wheat flour, calcium carbonate, iron, niacin, thiamin, water, mixed seeds golden linseeds, sunflower seeds , sprouted spelt wheat grains , salt, fermented wheat flour",,,,,,,,,,none
175,Cheddar,https://world.openfoodfacts.org/product/6111203006653,"skimmed milk, mixed cheddar , butter, emulsifying salts e, e, e, milk proteins, preservative potassium sorbate, calcium, vitamins a, d, e",,,,,,,,,,none
176,Iodized table salt,https://world.openfoodfacts.org/product/6111184001562,"salt, potassium iodate, and anticaking agents",,,,,,,,,,none
177,IDEAL Vanillin Sugar ,https://world.openfoodfacts.org/product/6111180000392/ideal-vanillin-sugar,"sugar, corn starch, ethyl vanillin",,,,,,,,,,none
178,Cosumar sugar cubes for tea,https://world.openfoodfacts.org/product/6111029000118,sugar,,,,,,,,,,none
179,HEINZ BEANZ In a rich tomato sauce ,https://world.openfoodfacts.org/product/5000157024671/beanz-in-a-rich-tomato-sauce-heinz,"beans , tomatoes , water, sugar, modified cornflour, salt, spice extracts , herb extract",,,,,,,,,,none
180,DELICIA Apricot jam ,https://world.openfoodfacts.org/product/6111162000716/confiture-d-abricot-delicia,"apricots, sugar, citric acid",,,,,,,,,,none
181,HACENDADO Guacamole,https://world.openfoodfacts.org/product/8480000038524/guacamole-hacendado,"avocado , salt, dehydrated onion, jalapeo, sugar, antioxidants ascorbic acid, sodium ascorbate, sodium citrate, acidity corrector citric acid, preservative potassium sorbate, garlic aroma, dehydrated coriander",,,,,,,,,,none
182,Primrose spread & cooking margarine,https://world.openfoodfacts.org/product/3155250364772/primevere-tartine-cuisson,"vegetable oils and fats nonhydrogenated  rapeseed, palm kernel, palm, water, emulsifiers  lecithins, sunflower, salt, natural flavourings, concentrated lemon juice, antioxidant  rosemary extract, colours  annatto, curcumin, vitamin b",,,,,,,,,,none
183,CIEL Bottled water,https://world.openfoodfacts.org/product/42104964,purified water treated and filtered and mineral salts magnesium,,,,,,,,,,none
184,AIN SAISS natural mineral water,https://world.openfoodfacts.org/product/6111128000088,water,,,,,,,,,,none
185,Cream Cheese the shepherd,https://world.openfoodfacts.org/product/6111246721964/cream-cheese-le-berger,"pasteurized cows milk, pasteurized fresh cream, lactic cultures, rennet, salt",,,,,,,,,,none
186,OULMES sparkling water,https://world.openfoodfacts.org/product/6111035003004,oulmes sparkling water  oulmes water,,,,,,,,,,none
187,Dark Chocolate Bar,https://world.openfoodfacts.org/product/7622210578464,"cocoa mass , cane sugar , cocoa butter , vanilla extract , may contain nuts, milk,",,,,,,,,,,none
188,King cookies choco,https://world.openfoodfacts.org/product/6111259343108,"wheat flour, chocolate flakes  palm oil paste, cocoa, sugar, dextrose, and emulsifier",,,,,,,,,,none
189,NESCAFE Classic Coffee,https://world.openfoodfacts.org/product/6111018903161, coffee,,,,,,,,,,none
190,Mini almond cakes (financiers),https://world.openfoodfacts.org/product/6923818881323/petits-fours-financiers,green tea,,,,,,,,,,none
191,Organic Porridge Oats,https://world.openfoodfacts.org/product/4088600056135/organic-porridge-oats-kavanagh-s,organic oat flakes,,,,,,,,,,none
192,Cooked tomate sauce,https://world.openfoodfacts.org/product/8445290615350,"tomato, tomato concentrate, water, nonhydrogenated sunflower oil, sugar, modified corn starch, salt, natural onion flavor, onion, garlic, white pepper",,,,,,,,,,none
193,Coke Zero,https://world.openfoodfacts.org/product/5449000214799,"carbonated water, colouring ed, acidifier phosphoric acid, sweeteners aspartame, acesulfamek, natural flavors, caffeine aroma, acidity regulator sodium citrates",,,,,,,,,,none
194,BARILLA Basilico Sauce ,https://world.openfoodfacts.org/product/8076809513722/basilico-sauce-barilla,"tomato pulp , tomato concentrate ,, onions, sunflower oil, basil , sugar, salt, natural flavor",,,,,,,,,,none
195,HUILE D'OLIVE Olive oil,https://world.openfoodfacts.org/product/6111099000254/ma-hfo-25-16-14-oued-souss,olive oil,,,,,,,,,,none
196,Excellence Noir Intense Cacao,https://world.openfoodfacts.org/product/3046920022651/excellence-noir-intense-70-cacao-lindt,"cocoa paste, sugar, cocoa butter, vanilla",,,,,,,,,,none
197,STAR white table vinegar,https://world.openfoodfacts.org/product/6111184001661,table vinegar,,,,,,,,,,none
198,Lightly sea salted crisps,https://world.openfoodfacts.org/product/5060042641000,"potatoes, sunflower oil, sea salt",,,,,,,,,,none
199,Dark chocolate,https://world.openfoodfacts.org/product/7622210584724,"cocoa paste*, cocoa butter*, lowfat cocoa powder*, cane sugar*, vanilla extract*",,,,,,,,,,none
200,TARTIMIEL honey spread dispenser,https://world.openfoodfacts.org/product/3088540004440/tartimiel-lune-de-miel-doseur-250-g,blend of honeys not originating in and originating in the eu,,,,,,,,,,none
